initial_board,h0_success,h0_moves,h0_search_count,h1_success,h1_moves,h1_search_count,h2_success,h2_moves,h2_search_count,ids_success,ids_moves,ids_search_count
"(2, 3, 0, 1, 5, 6, 4, 7, 8)",TRUE,6,32,TRUE,6,6,TRUE,6,7,TRUE,6,103
"(1, 2, 0, 4, 8, 3, 7, 6, 5)",TRUE,6,51,TRUE,6,9,TRUE,6,6,TRUE,6,64
"(4, 0, 3, 2, 1, 6, 7, 5, 8)",TRUE,7,84,TRUE,7,12,TRUE,7,13,TRUE,7,150
"(2, 4, 3, 0, 1, 6, 7, 5, 8)",TRUE,7,94,TRUE,7,12,TRUE,7,13,TRUE,7,188
"(1, 6, 2, 0, 4, 3, 7, 5, 8)",TRUE,7,87,TRUE,7,11,TRUE,7,11,TRUE,7,196
"(2, 5, 3, 1, 7, 6, 4, 0, 8)",TRUE,7,72,TRUE,7,9,TRUE,7,13,TRUE,7,133
"(2, 4, 3, 1, 5, 6, 0, 7, 8)",TRUE,8,99,TRUE,8,15,TRUE,8,16,TRUE,8,288
"(4, 1, 2, 7, 5, 3, 8, 6, 0)",TRUE,8,143,TRUE,8,9,TRUE,8,11,TRUE,8,341
"(2, 3, 6, 1, 5, 8, 4, 7, 0)",TRUE,8,149,TRUE,8,9,TRUE,8,10,TRUE,8,222
"(0, 1, 5, 4, 3, 2, 7, 8, 6)",TRUE,8,119,TRUE,8,18,TRUE,8,16,TRUE,8,321
"(0, 1, 3, 4, 2, 8, 7, 6, 5)",TRUE,8,110,TRUE,8,18,TRUE,8,11,TRUE,8,296
"(1, 2, 3, 5, 6, 8, 0, 4, 7)",TRUE,8,150,TRUE,8,18,TRUE,8,8,TRUE,8,357
"(2, 4, 0, 1, 6, 3, 7, 5, 8)",TRUE,8,94,TRUE,8,15,TRUE,8,14,TRUE,8,235
"(1, 2, 3, 5, 0, 8, 4, 6, 7)",TRUE,8,152,TRUE,8,25,TRUE,8,11,TRUE,8,385
"(1, 2, 0, 8, 5, 3, 4, 7, 6)",TRUE,8,135,TRUE,8,15,TRUE,8,12,TRUE,8,276
"(5, 2, 3, 1, 4, 0, 7, 8, 6)",TRUE,9,288,TRUE,9,35,TRUE,9,34,TRUE,9,495
"(4, 1, 6, 0, 3, 2, 7, 5, 8)",TRUE,9,285,TRUE,9,25,TRUE,9,19,TRUE,9,467
"(2, 0, 6, 1, 3, 5, 4, 7, 8)",TRUE,9,267,TRUE,9,23,TRUE,9,18,TRUE,9,555
"(2, 0, 5, 1, 6, 3, 4, 7, 8)",TRUE,9,204,TRUE,9,19,TRUE,9,14,TRUE,9,699
"(4, 1, 3, 2, 8, 0, 7, 6, 5)",TRUE,9,225,TRUE,9,25,TRUE,9,14,TRUE,9,532
"(1, 3, 5, 4, 8, 0, 7, 6, 2)",TRUE,9,213,TRUE,9,35,TRUE,9,13,TRUE,9,549
"(1, 3, 6, 0, 2, 8, 4, 7, 5)",TRUE,9,241,TRUE,9,19,TRUE,9,9,TRUE,9,565
"(1, 3, 5, 4, 8, 0, 7, 6, 2)",TRUE,9,213,TRUE,9,35,TRUE,9,13,TRUE,9,549
"(1, 3, 6, 5, 7, 2, 0, 4, 8)",TRUE,10,360,TRUE,10,31,TRUE,10,21,TRUE,10,1016
"(1, 5, 0, 8, 3, 2, 4, 7, 6)",TRUE,10,278,TRUE,10,32,TRUE,10,19,TRUE,10,876
"(2, 3, 6, 1, 0, 8, 4, 5, 7)",TRUE,10,414,TRUE,10,37,TRUE,10,15,TRUE,10,1131
"(0, 4, 3, 7, 1, 5, 8, 2, 6)",TRUE,10,295,TRUE,10,32,TRUE,10,16,TRUE,10,905
"(1, 2, 3, 6, 7, 8, 4, 5, 0)",TRUE,10,413,TRUE,10,39,TRUE,10,20,TRUE,10,1001
"(0, 1, 2, 7, 4, 3, 8, 6, 5)",TRUE,10,283,TRUE,10,30,TRUE,10,10,TRUE,10,1083
"(0, 5, 2, 1, 7, 3, 8, 4, 6)",TRUE,10,312,TRUE,10,29,TRUE,10,20,TRUE,10,805
"(5, 1, 3, 4, 2, 6, 7, 8, 0)",TRUE,10,331,TRUE,10,51,TRUE,10,50,TRUE,10,1070
"(0, 3, 6, 2, 1, 5, 4, 7, 8)",TRUE,10,289,TRUE,10,27,TRUE,10,22,TRUE,10,864
"(5, 2, 0, 1, 8, 3, 4, 7, 6)",TRUE,10,269,TRUE,10,33,TRUE,10,21,TRUE,10,1065
"(4, 2, 3, 5, 1, 6, 7, 8, 0)",TRUE,10,307,TRUE,10,46,TRUE,10,60,TRUE,10,683
"(4, 3, 5, 2, 1, 6, 7, 8, 0)",TRUE,10,403,TRUE,10,35,TRUE,10,18,TRUE,10,681
"(1, 3, 5, 2, 0, 6, 4, 7, 8)",TRUE,10,458,TRUE,10,34,TRUE,10,21,TRUE,10,1330
"(5, 2, 3, 1, 0, 4, 7, 8, 6)",TRUE,10,348,TRUE,10,59,TRUE,10,50,TRUE,10,1419
"(1, 2, 3, 8, 0, 6, 4, 5, 7)",TRUE,10,488,TRUE,10,61,TRUE,10,32,TRUE,10,1185
"(1, 5, 2, 7, 4, 8, 0, 6, 3)",TRUE,10,278,TRUE,10,35,TRUE,10,18,TRUE,10,876
"(4, 3, 6, 2, 1, 8, 7, 5, 0)",TRUE,10,359,TRUE,10,32,TRUE,10,19,TRUE,10,679
"(2, 7, 3, 1, 0, 5, 8, 4, 6)",TRUE,10,513,TRUE,10,42,TRUE,10,21,TRUE,10,921
"(0, 1, 2, 7, 4, 3, 8, 6, 5)",TRUE,10,283,TRUE,10,30,TRUE,10,10,TRUE,10,1083
"(6, 0, 2, 1, 5, 3, 4, 7, 8)",TRUE,11,591,TRUE,11,61,TRUE,11,31,TRUE,11,1828
"(4, 0, 1, 7, 3, 2, 8, 5, 6)",TRUE,11,553,TRUE,11,51,TRUE,11,23,TRUE,11,2196
"(7, 4, 2, 0, 1, 3, 8, 5, 6)",TRUE,11,727,TRUE,11,53,TRUE,11,36,TRUE,11,1337
"(2, 3, 6, 0, 7, 5, 1, 4, 8)",TRUE,11,763,TRUE,11,51,TRUE,11,28,TRUE,11,1697
"(2, 3, 6, 0, 5, 8, 1, 4, 7)",TRUE,11,495,TRUE,11,33,TRUE,11,18,TRUE,11,1751
"(5, 1, 3, 2, 6, 8, 4, 0, 7)",TRUE,11,607,TRUE,11,55,TRUE,11,18,TRUE,11,2252
"(2, 7, 3, 0, 1, 6, 5, 4, 8)",TRUE,11,527,TRUE,11,61,TRUE,11,31,TRUE,11,1824
"(7, 1, 2, 0, 4, 3, 8, 6, 5)",TRUE,11,667,TRUE,11,47,TRUE,11,23,TRUE,11,1513
"(1, 5, 6, 4, 3, 0, 7, 2, 8)",TRUE,11,608,TRUE,11,74,TRUE,11,38,TRUE,11,1361
"(1, 0, 5, 7, 3, 2, 8, 4, 6)",TRUE,11,600,TRUE,11,60,TRUE,11,36,TRUE,11,1395
"(1, 2, 3, 0, 8, 6, 4, 5, 7)",TRUE,11,733,TRUE,11,74,TRUE,11,48,TRUE,11,2128
"(2, 0, 3, 5, 4, 6, 1, 7, 8)",TRUE,11,584,TRUE,11,62,TRUE,11,46,TRUE,11,1577
"(5, 1, 2, 6, 7, 3, 4, 0, 8)",TRUE,11,755,TRUE,11,42,TRUE,11,23,TRUE,11,1566
"(4, 3, 0, 7, 1, 2, 5, 8, 6)",TRUE,12,785,TRUE,12,83,TRUE,12,63,TRUE,12,3187
"(0, 1, 5, 8, 3, 2, 4, 7, 6)",TRUE,12,1024,TRUE,12,64,TRUE,12,23,TRUE,12,3010
"(6, 5, 2, 1, 0, 3, 4, 7, 8)",TRUE,12,1177,TRUE,12,112,TRUE,12,33,TRUE,12,2721
"(4, 1, 0, 7, 6, 2, 5, 8, 3)",TRUE,12,903,TRUE,12,70,TRUE,12,39,TRUE,12,2185
"(2, 5, 0, 1, 3, 8, 4, 7, 6)",TRUE,12,1033,TRUE,12,74,TRUE,12,48,TRUE,12,3109
"(1, 2, 3, 5, 7, 4, 8, 6, 0)",TRUE,12,941,TRUE,12,102,TRUE,12,46,TRUE,12,3448
"(4, 1, 2, 7, 5, 6, 0, 3, 8)",TRUE,12,899,TRUE,12,86,TRUE,12,44,TRUE,12,2042
"(2, 3, 5, 1, 8, 6, 0, 4, 7)",TRUE,12,831,TRUE,12,70,TRUE,12,51,TRUE,12,3271
"(1, 5, 6, 4, 0, 3, 7, 2, 8)",TRUE,12,1163,TRUE,12,126,TRUE,12,77,TRUE,12,4193
"(3, 6, 0, 2, 1, 5, 4, 7, 8)",TRUE,12,809,TRUE,12,70,TRUE,12,41,TRUE,12,3419
"(5, 3, 2, 1, 0, 6, 4, 7, 8)",TRUE,12,1019,TRUE,12,79,TRUE,12,43,TRUE,12,2772
"(3, 6, 2, 1, 4, 8, 7, 5, 0)",TRUE,12,1027,TRUE,12,66,TRUE,12,46,TRUE,12,2226
"(4, 2, 0, 5, 1, 6, 7, 3, 8)",TRUE,12,992,TRUE,12,94,TRUE,12,55,TRUE,12,2877
"(2, 3, 5, 1, 7, 6, 8, 4, 0)",TRUE,12,1022,TRUE,12,71,TRUE,12,23,TRUE,12,2213
"(2, 4, 0, 7, 1, 3, 5, 8, 6)",TRUE,12,889,TRUE,12,77,TRUE,12,25,TRUE,12,2195
"(3, 6, 0, 2, 1, 4, 7, 5, 8)",TRUE,12,960,TRUE,12,75,TRUE,12,35,TRUE,12,3422
"(0, 1, 3, 4, 6, 8, 2, 7, 5)",TRUE,12,1027,TRUE,12,98,TRUE,12,39,TRUE,12,2226
"(0, 4, 2, 7, 1, 3, 5, 6, 8)",TRUE,12,940,TRUE,12,70,TRUE,12,24,TRUE,12,2752
"(0, 1, 3, 7, 2, 6, 8, 5, 4)",TRUE,12,1006,TRUE,12,91,TRUE,12,50,TRUE,12,2860
"(5, 1, 6, 3, 0, 2, 4, 7, 8)",TRUE,12,1314,TRUE,12,81,TRUE,12,32,TRUE,12,3793
"(2, 3, 0, 1, 5, 6, 7, 8, 4)",TRUE,12,843,TRUE,12,120,TRUE,12,56,TRUE,12,2131
"(2, 6, 0, 1, 8, 3, 4, 7, 5)",TRUE,12,984,TRUE,12,78,TRUE,12,63,TRUE,12,2267
"(2, 3, 5, 0, 8, 6, 1, 4, 7)",TRUE,13,1990,TRUE,13,120,TRUE,13,44,TRUE,13,5323
"(1, 2, 8, 4, 5, 3, 7, 0, 6)",TRUE,13,1883,TRUE,13,175,TRUE,13,79,TRUE,13,6375
"(4, 1, 2, 8, 7, 5, 6, 0, 3)",TRUE,13,1866,TRUE,13,131,TRUE,13,51,TRUE,13,6213
"(4, 5, 1, 2, 8, 0, 7, 6, 3)",TRUE,13,1910,TRUE,13,137,TRUE,13,55,TRUE,13,4927
"(3, 0, 6, 2, 1, 8, 4, 5, 7)",TRUE,13,1555,TRUE,13,126,TRUE,13,44,TRUE,13,6012
"(4, 0, 1, 7, 3, 2, 5, 6, 8)",TRUE,13,1685,TRUE,13,127,TRUE,13,27,TRUE,13,6663
"(7, 4, 2, 0, 1, 5, 8, 6, 3)",TRUE,13,1674,TRUE,13,126,TRUE,13,46,TRUE,13,4515
"(1, 0, 2, 5, 6, 7, 4, 8, 3)",TRUE,13,1683,TRUE,13,153,TRUE,13,41,TRUE,13,5315
"(3, 6, 2, 1, 5, 0, 4, 7, 8)",TRUE,13,1330,TRUE,13,134,TRUE,13,53,TRUE,13,4575
"(2, 4, 3, 7, 1, 8, 6, 0, 5)",TRUE,13,1666,TRUE,13,145,TRUE,13,29,TRUE,13,5809
"(2, 0, 6, 7, 3, 5, 1, 4, 8)",TRUE,13,1871,TRUE,13,139,TRUE,13,65,TRUE,13,4906
"(1, 3, 7, 5, 8, 2, 4, 0, 6)",TRUE,13,1598,TRUE,13,143,TRUE,13,33,TRUE,13,5166
"(7, 1, 2, 8, 5, 3, 4, 0, 6)",TRUE,13,1863,TRUE,13,130,TRUE,13,53,TRUE,13,5523
"(4, 0, 3, 5, 2, 6, 7, 1, 8)",TRUE,13,1418,TRUE,13,172,TRUE,13,100,TRUE,13,4320
"(5, 2, 3, 7, 1, 4, 8, 0, 6)",TRUE,13,1539,TRUE,13,146,TRUE,13,81,TRUE,13,6139
"(3, 5, 6, 1, 2, 0, 4, 7, 8)",TRUE,13,1315,TRUE,13,133,TRUE,13,69,TRUE,13,4595
"(5, 4, 1, 3, 8, 2, 7, 0, 6)",TRUE,13,1526,TRUE,13,132,TRUE,13,33,TRUE,13,4766
"(4, 1, 2, 8, 3, 5, 7, 0, 6)",TRUE,13,1680,TRUE,13,141,TRUE,13,90,TRUE,13,6859
"(2, 3, 5, 7, 1, 6, 4, 0, 8)",TRUE,13,1828,TRUE,13,138,TRUE,13,80,TRUE,13,6016
"(4, 5, 1, 0, 7, 3, 8, 2, 6)",TRUE,13,1636,TRUE,13,137,TRUE,13,63,TRUE,13,5890
"(1, 3, 6, 5, 8, 7, 4, 0, 2)",TRUE,13,1799,TRUE,13,147,TRUE,13,42,TRUE,13,5382
"(1, 3, 5, 0, 2, 6, 8, 4, 7)",TRUE,13,1699,TRUE,13,134,TRUE,13,48,TRUE,13,5296
"(5, 1, 3, 2, 8, 0, 4, 6, 7)",TRUE,13,1900,TRUE,13,147,TRUE,13,34,TRUE,13,6433
"(1, 2, 6, 3, 5, 4, 7, 0, 8)",TRUE,13,1721,TRUE,13,181,TRUE,13,105,TRUE,13,4667
"(4, 1, 2, 8, 7, 0, 5, 6, 3)",TRUE,13,1571,TRUE,13,126,TRUE,13,32,TRUE,13,5047
"(0, 3, 2, 1, 6, 4, 7, 5, 8)",TRUE,14,2826,TRUE,14,228,TRUE,14,108,TRUE,14,9485
"(2, 3, 5, 4, 7, 6, 1, 8, 0)",TRUE,14,2285,TRUE,14,159,TRUE,14,100,TRUE,14,9202
"(5, 3, 6, 2, 0, 7, 1, 4, 8)",TRUE,14,2718,TRUE,14,190,TRUE,14,73,TRUE,14,12953
"(1, 6, 3, 4, 2, 5, 7, 8, 0)",TRUE,14,2044,TRUE,14,284,TRUE,14,138,TRUE,14,8698
"(8, 1, 2, 7, 0, 3, 4, 6, 5)",TRUE,14,3497,TRUE,14,267,TRUE,14,36,TRUE,14,11523
"(2, 6, 3, 1, 0, 8, 7, 5, 4)",TRUE,14,3288,TRUE,14,319,TRUE,14,112,TRUE,14,8304
"(2, 4, 1, 7, 8, 3, 0, 6, 5)",TRUE,14,1914,TRUE,14,201,TRUE,14,56,TRUE,14,6613
"(1, 2, 0, 6, 5, 8, 4, 7, 3)",TRUE,14,2470,TRUE,14,192,TRUE,14,48,TRUE,14,9156
"(7, 3, 0, 2, 1, 4, 5, 8, 6)",TRUE,14,1915,TRUE,14,194,TRUE,14,39,TRUE,14,8931
"(0, 1, 3, 8, 2, 4, 7, 5, 6)",TRUE,14,2403,TRUE,14,253,TRUE,14,89,TRUE,14,9173
"(2, 8, 0, 4, 1, 3, 7, 6, 5)",TRUE,14,2254,TRUE,14,229,TRUE,14,120,TRUE,14,6676
"(4, 8, 0, 2, 5, 3, 1, 7, 6)",TRUE,14,2697,TRUE,14,182,TRUE,14,71,TRUE,14,6842
"(0, 4, 2, 5, 3, 6, 1, 7, 8)",TRUE,14,2515,TRUE,14,183,TRUE,14,105,TRUE,14,6684
"(0, 3, 7, 1, 5, 2, 4, 8, 6)",TRUE,14,2800,TRUE,14,193,TRUE,14,47,TRUE,14,7947
"(5, 2, 0, 7, 1, 3, 4, 8, 6)",TRUE,14,2797,TRUE,14,249,TRUE,14,79,TRUE,14,8947
"(0, 5, 2, 1, 7, 8, 6, 4, 3)",TRUE,14,2537,TRUE,14,178,TRUE,14,41,TRUE,14,7537
"(3, 1, 6, 2, 0, 8, 4, 5, 7)",TRUE,14,2772,TRUE,14,185,TRUE,14,104,TRUE,14,8597
"(1, 5, 2, 7, 0, 4, 3, 8, 6)",TRUE,14,2597,TRUE,14,293,TRUE,14,60,TRUE,14,13850
"(1, 4, 5, 7, 6, 2, 8, 3, 0)",TRUE,14,1875,TRUE,14,191,TRUE,14,49,TRUE,14,8599
"(3, 1, 5, 2, 0, 6, 7, 4, 8)",TRUE,14,3321,TRUE,14,281,TRUE,14,147,TRUE,14,8601
"(1, 8, 3, 4, 5, 6, 2, 7, 0)",TRUE,14,2730,TRUE,14,254,TRUE,14,104,TRUE,14,6857
"(7, 4, 0, 1, 3, 2, 8, 5, 6)",TRUE,14,2494,TRUE,14,155,TRUE,14,78,TRUE,14,7812
"(3, 5, 0, 2, 1, 6, 7, 4, 8)",TRUE,14,2019,TRUE,14,161,TRUE,14,71,TRUE,14,10254
"(0, 3, 6, 2, 1, 7, 5, 4, 8)",TRUE,14,2571,TRUE,14,147,TRUE,14,54,TRUE,14,7975
"(1, 2, 6, 3, 7, 5, 4, 8, 0)",TRUE,14,2468,TRUE,14,235,TRUE,14,158,TRUE,14,8902
"(2, 3, 5, 1, 4, 7, 8, 6, 0)",TRUE,14,2086,TRUE,14,219,TRUE,14,89,TRUE,14,9472
"(3, 5, 2, 1, 8, 6, 4, 7, 0)",TRUE,14,1902,TRUE,14,171,TRUE,14,105,TRUE,14,6630
"(4, 2, 5, 7, 1, 3, 8, 6, 0)",TRUE,14,1945,TRUE,14,237,TRUE,14,95,TRUE,14,6568
"(2, 3, 0, 1, 7, 6, 8, 5, 4)",TRUE,14,2205,TRUE,14,233,TRUE,14,64,TRUE,14,10281
"(1, 8, 3, 2, 0, 6, 4, 7, 5)",TRUE,14,2807,TRUE,14,307,TRUE,14,148,TRUE,14,9522
"(2, 5, 6, 1, 3, 8, 7, 4, 0)",TRUE,14,2251,TRUE,14,233,TRUE,14,101,TRUE,14,6210
"(5, 1, 3, 4, 6, 8, 0, 7, 2)",TRUE,14,1875,TRUE,14,244,TRUE,14,109,TRUE,14,10161
"(3, 6, 0, 2, 1, 8, 7, 4, 5)",TRUE,14,2014,TRUE,14,191,TRUE,14,53,TRUE,14,10253
"(4, 1, 0, 7, 8, 2, 6, 5, 3)",TRUE,14,2186,TRUE,14,154,TRUE,14,24,TRUE,14,6648
"(1, 3, 0, 5, 2, 6, 7, 8, 4)",TRUE,14,2037,TRUE,14,260,TRUE,14,107,TRUE,14,9229
"(3, 6, 0, 1, 2, 8, 5, 4, 7)",TRUE,14,2442,TRUE,14,145,TRUE,14,26,TRUE,14,9918
"(2, 4, 1, 7, 6, 3, 5, 8, 0)",TRUE,14,1891,TRUE,14,152,TRUE,14,75,TRUE,14,9971
"(1, 2, 0, 4, 5, 3, 8, 6, 7)",TRUE,14,2755,TRUE,14,238,TRUE,14,107,TRUE,14,6813
"(3, 8, 0, 1, 2, 5, 4, 7, 6)",TRUE,14,2689,TRUE,14,152,TRUE,14,59,TRUE,14,6874
"(2, 5, 3, 1, 0, 6, 8, 4, 7)",TRUE,14,3301,TRUE,14,292,TRUE,14,107,TRUE,14,8328
"(7, 1, 2, 5, 3, 6, 8, 4, 0)",TRUE,14,2416,TRUE,14,175,TRUE,14,44,TRUE,14,7818
"(3, 5, 6, 1, 2, 8, 4, 7, 0)",TRUE,14,2198,TRUE,14,155,TRUE,14,53,TRUE,14,6648
"(0, 5, 6, 3, 1, 2, 4, 7, 8)",TRUE,14,2683,TRUE,14,163,TRUE,14,53,TRUE,14,6872
"(2, 3, 6, 7, 4, 5, 1, 8, 0)",TRUE,14,2478,TRUE,14,161,TRUE,14,123,TRUE,14,9144
"(0, 1, 8, 4, 6, 2, 7, 5, 3)",TRUE,14,2407,TRUE,14,160,TRUE,14,63,TRUE,14,9779
"(4, 1, 6, 7, 8, 0, 2, 3, 5)",TRUE,15,3606,TRUE,15,292,TRUE,15,77,TRUE,15,18060
"(2, 8, 3, 0, 4, 1, 7, 6, 5)",TRUE,15,4065,TRUE,15,350,TRUE,15,106,TRUE,15,20785
"(7, 1, 2, 6, 3, 8, 5, 0, 4)",TRUE,15,3918,TRUE,15,286,TRUE,15,27,TRUE,15,20667
"(2, 3, 8, 0, 1, 6, 5, 4, 7)",TRUE,15,4967,TRUE,15,298,TRUE,15,87,TRUE,15,20047
"(4, 0, 2, 6, 5, 3, 1, 7, 8)",TRUE,15,4960,TRUE,15,355,TRUE,15,166,TRUE,15,16614
"(2, 3, 6, 0, 8, 7, 1, 4, 5)",TRUE,15,4194,TRUE,15,325,TRUE,15,86,TRUE,15,15725
"(3, 5, 2, 1, 8, 6, 4, 0, 7)",TRUE,15,3977,TRUE,15,330,TRUE,15,148,TRUE,15,19283
"(7, 2, 3, 4, 1, 0, 5, 8, 6)",TRUE,15,3960,TRUE,15,380,TRUE,15,109,TRUE,15,12869
"(7, 2, 3, 5, 1, 0, 8, 4, 6)",TRUE,15,4518,TRUE,15,314,TRUE,15,92,TRUE,15,12700
"(2, 4, 5, 7, 3, 1, 8, 0, 6)",TRUE,15,4094,TRUE,15,310,TRUE,15,116,TRUE,15,16918
"(8, 0, 1, 2, 7, 3, 4, 6, 5)",TRUE,15,4743,TRUE,15,297,TRUE,15,70,TRUE,15,18951
"(1, 5, 4, 7, 3, 2, 8, 0, 6)",TRUE,15,4731,TRUE,15,322,TRUE,15,155,TRUE,15,17151
"(1, 2, 6, 0, 4, 8, 7, 5, 3)",TRUE,15,3905,TRUE,15,436,TRUE,15,156,TRUE,15,18798
"(4, 5, 1, 0, 6, 2, 7, 8, 3)",TRUE,15,4140,TRUE,15,300,TRUE,15,152,TRUE,15,14689
"(4, 0, 5, 6, 1, 2, 7, 3, 8)",TRUE,15,4130,TRUE,15,313,TRUE,15,47,TRUE,15,14315
"(7, 4, 1, 0, 6, 2, 5, 8, 3)",TRUE,15,4034,TRUE,15,279,TRUE,15,71,TRUE,15,13840
"(8, 3, 5, 2, 7, 0, 1, 4, 6)",TRUE,15,4462,TRUE,15,298,TRUE,15,36,TRUE,15,13663
"(1, 0, 3, 8, 7, 5, 2, 4, 6)",TRUE,15,4120,TRUE,15,329,TRUE,15,149,TRUE,15,16765
"(2, 0, 6, 4, 3, 1, 7, 8, 5)",TRUE,15,3826,TRUE,15,404,TRUE,15,224,TRUE,15,16533
"(1, 0, 2, 8, 7, 3, 6, 5, 4)",TRUE,15,3991,TRUE,15,315,TRUE,15,45,TRUE,15,19479
"(6, 3, 8, 2, 1, 0, 4, 7, 5)",TRUE,15,4250,TRUE,15,313,TRUE,15,42,TRUE,15,12788
"(3, 6, 2, 1, 5, 8, 4, 0, 7)",TRUE,15,4122,TRUE,15,324,TRUE,15,90,TRUE,15,19281
"(0, 2, 3, 7, 4, 8, 6, 1, 5)",TRUE,16,5338,TRUE,16,360,TRUE,16,91,TRUE,16,25157
"(5, 3, 0, 1, 2, 6, 4, 8, 7)",TRUE,16,6014,TRUE,16,567,TRUE,16,305,TRUE,16,25751
"(0, 3, 6, 5, 2, 7, 1, 4, 8)",TRUE,16,5119,TRUE,16,391,TRUE,16,140,TRUE,16,23886
"(3, 2, 6, 4, 5, 1, 7, 8, 0)",TRUE,16,6773,TRUE,16,536,TRUE,16,179,TRUE,16,25442
"(0, 2, 5, 7, 3, 1, 8, 6, 4)",TRUE,16,7137,TRUE,16,472,TRUE,16,54,TRUE,16,29193
"(4, 1, 8, 7, 3, 2, 6, 5, 0)",TRUE,16,5621,TRUE,16,350,TRUE,16,59,TRUE,16,29566
"(4, 5, 3, 7, 1, 6, 2, 8, 0)",TRUE,16,5877,TRUE,16,541,TRUE,16,279,TRUE,16,29240
"(3, 6, 0, 2, 7, 4, 5, 1, 8)",TRUE,16,4962,TRUE,16,332,TRUE,16,50,TRUE,16,30651
"(2, 3, 0, 4, 6, 1, 7, 5, 8)",TRUE,16,6292,TRUE,16,548,TRUE,16,311,TRUE,16,31003
"(5, 4, 3, 2, 8, 1, 0, 7, 6)",TRUE,16,5579,TRUE,16,567,TRUE,16,227,TRUE,16,26661
"(5, 6, 0, 1, 2, 3, 4, 7, 8)",TRUE,16,5537,TRUE,16,606,TRUE,16,202,TRUE,16,28321
"(4, 1, 2, 3, 8, 6, 7, 5, 0)",TRUE,16,5238,TRUE,16,562,TRUE,16,193,TRUE,16,27667
"(5, 3, 6, 1, 2, 7, 0, 4, 8)",TRUE,16,4772,TRUE,16,364,TRUE,16,157,TRUE,16,23886
"(4, 5, 1, 7, 3, 6, 0, 8, 2)",TRUE,16,6909,TRUE,16,411,TRUE,16,131,TRUE,16,30338
"(0, 2, 3, 1, 4, 5, 8, 6, 7)",TRUE,16,5112,TRUE,16,573,TRUE,16,197,TRUE,16,24833
"(2, 3, 8, 1, 5, 7, 0, 4, 6)",TRUE,16,6343,TRUE,16,382,TRUE,16,91,TRUE,16,29339
"(2, 8, 3, 1, 7, 6, 5, 4, 0)",TRUE,16,7218,TRUE,16,599,TRUE,16,130,TRUE,16,20627
"(6, 4, 0, 2, 5, 3, 1, 7, 8)",TRUE,16,4907,TRUE,16,483,TRUE,16,121,TRUE,16,29342
"(0, 5, 6, 3, 2, 4, 1, 7, 8)",TRUE,16,7223,TRUE,16,389,TRUE,16,189,TRUE,16,20613
"(5, 3, 0, 2, 4, 1, 7, 8, 6)",TRUE,16,5320,TRUE,16,414,TRUE,16,297,TRUE,16,26661
"(4, 6, 0, 5, 2, 1, 7, 3, 8)",TRUE,16,5574,TRUE,16,396,TRUE,16,168,TRUE,16,21763
"(5, 1, 0, 6, 8, 2, 4, 3, 7)",TRUE,16,6881,TRUE,16,371,TRUE,16,38,TRUE,16,23309
"(2, 5, 3, 1, 8, 6, 0, 7, 4)",TRUE,16,5546,TRUE,16,574,TRUE,16,175,TRUE,16,25068
"(8, 2, 0, 5, 7, 3, 1, 4, 6)",TRUE,16,6455,TRUE,16,376,TRUE,16,109,TRUE,16,29235
"(3, 5, 6, 2, 7, 4, 0, 1, 8)",TRUE,16,6586,TRUE,16,464,TRUE,16,98,TRUE,16,24986
"(1, 7, 0, 5, 6, 3, 4, 8, 2)",TRUE,16,6061,TRUE,16,533,TRUE,16,99,TRUE,16,21329
"(7, 1, 5, 8, 4, 2, 6, 3, 0)",TRUE,16,5918,TRUE,16,369,TRUE,16,29,TRUE,16,29779
"(1, 6, 2, 4, 0, 3, 8, 7, 5)",TRUE,16,8319,TRUE,16,683,TRUE,16,379,TRUE,16,24741
"(4, 1, 2, 8, 5, 6, 7, 3, 0)",TRUE,16,6841,TRUE,16,612,TRUE,16,231,TRUE,16,23291
"(6, 2, 0, 1, 3, 8, 5, 4, 7)",TRUE,16,7271,TRUE,16,374,TRUE,16,40,TRUE,16,29843
"(5, 1, 3, 8, 4, 7, 0, 2, 6)",TRUE,16,5509,TRUE,16,580,TRUE,16,84,TRUE,16,22084
"(3, 1, 0, 2, 8, 6, 4, 5, 7)",TRUE,16,6935,TRUE,16,362,TRUE,16,103,TRUE,16,20987
"(7, 3, 0, 4, 1, 5, 2, 8, 6)",TRUE,16,6616,TRUE,16,395,TRUE,16,154,TRUE,16,27211
"(0, 4, 1, 7, 3, 6, 5, 8, 2)",TRUE,16,5597,TRUE,16,380,TRUE,16,105,TRUE,16,29751
"(1, 3, 8, 7, 2, 4, 0, 5, 6)",TRUE,16,5896,TRUE,16,572,TRUE,16,122,TRUE,16,29359
"(0, 1, 2, 7, 6, 5, 8, 4, 3)",TRUE,16,6844,TRUE,16,515,TRUE,16,124,TRUE,16,25516
"(2, 5, 3, 4, 8, 7, 6, 1, 0)",TRUE,16,6324,TRUE,16,381,TRUE,16,91,TRUE,16,22454
"(2, 1, 0, 4, 3, 5, 7, 8, 6)",TRUE,16,4902,TRUE,16,549,TRUE,16,307,TRUE,16,21402
"(1, 6, 3, 5, 0, 8, 2, 4, 7)",TRUE,16,8243,TRUE,16,634,TRUE,16,175,TRUE,16,25203
"(0, 7, 1, 5, 3, 2, 8, 4, 6)",TRUE,16,5523,TRUE,16,344,TRUE,16,70,TRUE,16,30941
"(4, 1, 2, 7, 8, 5, 0, 3, 6)",TRUE,16,6863,TRUE,16,563,TRUE,16,184,TRUE,16,18652
"(0, 4, 5, 7, 3, 6, 8, 1, 2)",TRUE,16,5057,TRUE,16,385,TRUE,16,96,TRUE,16,25591
"(1, 5, 0, 2, 3, 7, 4, 8, 6)",TRUE,16,5081,TRUE,16,576,TRUE,16,115,TRUE,16,28798
"(0, 1, 5, 4, 2, 6, 7, 8, 3)",TRUE,16,6667,TRUE,16,614,TRUE,16,206,TRUE,16,28188
"(7, 1, 2, 5, 6, 4, 0, 8, 3)",TRUE,16,5172,TRUE,16,487,TRUE,16,86,TRUE,16,19711
"(1, 2, 0, 3, 6, 8, 5, 4, 7)",TRUE,16,6095,TRUE,16,478,TRUE,16,64,TRUE,16,27656
"(0, 4, 3, 2, 5, 6, 7, 8, 1)",TRUE,16,6575,TRUE,16,414,TRUE,16,184,TRUE,16,20191
"(2, 3, 4, 6, 0, 1, 7, 5, 8)",TRUE,16,7025,TRUE,16,605,TRUE,16,153,TRUE,16,28630
"(0, 7, 1, 4, 3, 2, 8, 6, 5)",TRUE,16,7004,TRUE,16,362,TRUE,16,99,TRUE,16,31111
"(4, 6, 1, 7, 8, 2, 0, 5, 3)",TRUE,16,6938,TRUE,16,369,TRUE,16,111,TRUE,16,25768
"(2, 3, 8, 6, 5, 7, 1, 4, 0)",TRUE,16,5902,TRUE,16,330,TRUE,16,46,TRUE,16,19215
"(5, 8, 2, 3, 0, 6, 1, 4, 7)",TRUE,16,6965,TRUE,16,396,TRUE,16,89,TRUE,16,37158
"(2, 6, 0, 4, 1, 3, 7, 5, 8)",TRUE,16,6653,TRUE,16,641,TRUE,16,326,TRUE,16,20019
"(2, 4, 1, 5, 7, 3, 0, 6, 8)",TRUE,16,5681,TRUE,16,518,TRUE,16,134,TRUE,16,22165
"(1, 7, 2, 4, 0, 3, 6, 8, 5)",TRUE,16,7530,TRUE,16,601,TRUE,16,153,TRUE,16,25793
"(1, 5, 6, 7, 0, 3, 2, 4, 8)",TRUE,16,7132,TRUE,16,638,TRUE,16,154,TRUE,16,30625
"(8, 3, 0, 1, 4, 6, 7, 2, 5)",TRUE,16,7077,TRUE,16,561,TRUE,16,94,TRUE,16,30362
"(1, 6, 2, 8, 7, 5, 4, 3, 0)",TRUE,16,7103,TRUE,16,549,TRUE,16,89,TRUE,16,27459
"(4, 1, 6, 3, 8, 5, 0, 7, 2)",TRUE,16,6710,TRUE,16,500,TRUE,16,89,TRUE,16,26754
"(0, 8, 1, 2, 7, 3, 4, 6, 5)",TRUE,16,6368,TRUE,16,386,TRUE,16,95,TRUE,16,29421
"(5, 1, 0, 4, 3, 2, 8, 7, 6)",TRUE,16,6957,TRUE,16,550,TRUE,16,193,TRUE,16,22112
"(5, 3, 2, 1, 6, 0, 8, 4, 7)",TRUE,17,11146,TRUE,17,838,TRUE,17,237,TRUE,17,50539
"(1, 2, 4, 6, 8, 5, 7, 0, 3)",TRUE,17,12556,TRUE,17,773,TRUE,17,307,TRUE,17,48327
"(4, 3, 5, 1, 7, 0, 2, 8, 6)",TRUE,17,8893,TRUE,17,979,TRUE,17,199,TRUE,17,45969
"(3, 4, 1, 0, 6, 5, 7, 2, 8)",TRUE,17,9849,TRUE,17,805,TRUE,17,97,TRUE,17,42819
"(1, 3, 8, 4, 7, 6, 2, 0, 5)",TRUE,17,11971,TRUE,17,791,TRUE,17,306,TRUE,17,47143
"(2, 6, 8, 5, 3, 7, 1, 0, 4)",TRUE,17,10482,TRUE,17,609,TRUE,17,58,TRUE,17,57304
"(2, 0, 5, 1, 7, 4, 8, 3, 6)",TRUE,17,8693,TRUE,17,949,TRUE,17,225,TRUE,17,53610
"(1, 3, 2, 4, 7, 5, 8, 0, 6)",TRUE,17,9686,TRUE,17,791,TRUE,17,539,TRUE,17,58555
"(2, 0, 6, 3, 5, 1, 4, 7, 8)",TRUE,17,10319,TRUE,17,809,TRUE,17,302,TRUE,17,42124
"(4, 3, 6, 1, 5, 8, 7, 0, 2)",TRUE,17,9934,TRUE,17,1054,TRUE,17,381,TRUE,17,44736
"(4, 2, 6, 0, 3, 1, 5, 7, 8)",TRUE,17,12419,TRUE,17,995,TRUE,17,342,TRUE,17,46339
"(1, 3, 5, 0, 7, 8, 2, 6, 4)",TRUE,17,9530,TRUE,17,774,TRUE,17,83,TRUE,17,57774
"(4, 1, 8, 0, 2, 6, 7, 3, 5)",TRUE,17,9938,TRUE,17,702,TRUE,17,164,TRUE,17,39752
"(1, 0, 4, 2, 3, 6, 7, 5, 8)",TRUE,17,10894,TRUE,17,798,TRUE,17,241,TRUE,17,42852
"(2, 8, 3, 0, 4, 6, 7, 5, 1)",TRUE,17,9205,TRUE,17,1032,TRUE,17,264,TRUE,17,57695
"(2, 7, 1, 0, 4, 3, 8, 6, 5)",TRUE,17,9708,TRUE,17,677,TRUE,17,190,TRUE,17,38716
"(1, 0, 2, 4, 3, 5, 7, 6, 8)",TRUE,17,11478,TRUE,17,1078,TRUE,17,473,TRUE,17,60230
"(7, 1, 5, 0, 2, 3, 4, 8, 6)",TRUE,17,8565,TRUE,17,1037,TRUE,17,400,TRUE,17,38662
"(2, 0, 8, 1, 3, 6, 7, 5, 4)",TRUE,17,12123,TRUE,17,751,TRUE,17,168,TRUE,17,47129
"(2, 0, 8, 5, 6, 3, 1, 4, 7)",TRUE,17,9676,TRUE,17,644,TRUE,17,155,TRUE,17,46370
"(5, 0, 6, 3, 2, 4, 1, 7, 8)",TRUE,17,8622,TRUE,17,767,TRUE,17,209,TRUE,17,41946
"(4, 8, 2, 0, 5, 3, 7, 6, 1)",TRUE,17,11097,TRUE,17,709,TRUE,17,177,TRUE,17,52370
"(7, 2, 4, 1, 3, 0, 8, 6, 5)",TRUE,17,8749,TRUE,17,686,TRUE,17,188,TRUE,17,60233
"(4, 5, 3, 7, 1, 0, 2, 8, 6)",TRUE,17,11398,TRUE,17,769,TRUE,17,346,TRUE,17,47660
"(4, 3, 1, 0, 7, 5, 8, 6, 2)",TRUE,17,9927,TRUE,17,683,TRUE,17,213,TRUE,17,52547
"(7, 3, 6, 0, 1, 8, 2, 5, 4)",TRUE,17,11248,TRUE,17,678,TRUE,17,119,TRUE,17,47817
"(2, 5, 8, 1, 6, 0, 4, 3, 7)",TRUE,17,8707,TRUE,17,682,TRUE,17,203,TRUE,17,37571
"(2, 0, 3, 8, 6, 5, 1, 4, 7)",TRUE,17,8597,TRUE,17,659,TRUE,17,247,TRUE,17,44997
"(1, 5, 2, 6, 7, 0, 8, 4, 3)",TRUE,17,10404,TRUE,17,934,TRUE,17,158,TRUE,17,62066
"(2, 5, 6, 0, 3, 7, 1, 4, 8)",TRUE,17,12307,TRUE,17,804,TRUE,17,282,TRUE,17,40119
"(5, 0, 3, 2, 7, 6, 4, 8, 1)",TRUE,17,10695,TRUE,17,729,TRUE,17,158,TRUE,17,57431
"(3, 6, 5, 2, 7, 0, 4, 8, 1)",TRUE,17,9903,TRUE,17,802,TRUE,17,154,TRUE,17,46881
"(1, 2, 5, 3, 6, 8, 7, 0, 4)",TRUE,17,9910,TRUE,17,729,TRUE,17,376,TRUE,17,42432
"(4, 2, 3, 5, 8, 6, 1, 0, 7)",TRUE,17,10912,TRUE,17,996,TRUE,17,465,TRUE,17,57867
"(8, 2, 3, 1, 5, 0, 7, 4, 6)",TRUE,17,10903,TRUE,17,754,TRUE,17,421,TRUE,17,54459
"(5, 2, 4, 3, 1, 0, 7, 8, 6)",TRUE,17,11789,TRUE,17,722,TRUE,17,295,TRUE,17,43013
"(4, 5, 3, 2, 6, 0, 7, 8, 1)",TRUE,17,11288,TRUE,17,1019,TRUE,17,337,TRUE,17,52366
"(3, 6, 8, 1, 2, 7, 5, 0, 4)",TRUE,17,11878,TRUE,17,688,TRUE,17,31,TRUE,17,58024
"(2, 3, 4, 1, 7, 0, 6, 5, 8)",TRUE,17,10366,TRUE,17,668,TRUE,17,86,TRUE,17,43247
"(6, 0, 2, 1, 8, 4, 7, 5, 3)",TRUE,17,12086,TRUE,17,752,TRUE,17,101,TRUE,17,51250
"(1, 5, 3, 6, 2, 8, 4, 0, 7)",TRUE,17,8687,TRUE,17,775,TRUE,17,341,TRUE,17,57072
"(6, 7, 3, 2, 8, 0, 1, 4, 5)",TRUE,17,9380,TRUE,17,641,TRUE,17,92,TRUE,17,49860
"(6, 2, 3, 1, 8, 0, 4, 5, 7)",TRUE,17,10004,TRUE,17,747,TRUE,17,234,TRUE,17,56895
"(1, 6, 3, 8, 7, 5, 0, 2, 4)",TRUE,18,13824,TRUE,18,1303,TRUE,18,283,TRUE,18,65347
"(0, 4, 5, 1, 8, 2, 6, 7, 3)",TRUE,18,11914,TRUE,18,1283,TRUE,18,183,TRUE,18,67107
"(7, 4, 6, 2, 1, 8, 0, 3, 5)",TRUE,18,12667,TRUE,18,826,TRUE,18,70,TRUE,18,55168
"(7, 4, 0, 8, 2, 1, 6, 5, 3)",TRUE,18,16203,TRUE,18,711,TRUE,18,124,TRUE,18,60052
"(0, 2, 8, 4, 6, 1, 5, 7, 3)",TRUE,18,14366,TRUE,18,795,TRUE,18,245,TRUE,18,58479
"(0, 2, 3, 4, 6, 8, 5, 7, 1)",TRUE,18,14339,TRUE,18,1343,TRUE,18,296,TRUE,18,59127
"(1, 6, 3, 4, 8, 2, 7, 5, 0)",TRUE,18,12278,TRUE,18,1258,TRUE,18,422,TRUE,18,62319
"(3, 4, 1, 5, 6, 2, 0, 7, 8)",TRUE,18,13503,TRUE,18,1212,TRUE,18,299,TRUE,18,61678
"(3, 6, 5, 4, 2, 1, 7, 8, 0)",TRUE,18,13256,TRUE,18,1309,TRUE,18,323,TRUE,18,93729
"(0, 2, 4, 3, 5, 6, 1, 7, 8)",TRUE,18,14589,TRUE,18,961,TRUE,18,297,TRUE,18,56172
"(3, 8, 0, 1, 6, 5, 4, 2, 7)",TRUE,18,12087,TRUE,18,798,TRUE,18,151,TRUE,18,63184
"(0, 5, 1, 3, 4, 8, 7, 6, 2)",TRUE,18,13280,TRUE,18,1049,TRUE,18,193,TRUE,18,86464
"(0, 3, 2, 8, 5, 4, 1, 7, 6)",TRUE,18,16282,TRUE,18,1248,TRUE,18,380,TRUE,18,82574
"(0, 3, 6, 2, 4, 8, 7, 5, 1)",TRUE,18,16087,TRUE,18,1230,TRUE,18,283,TRUE,18,59543
"(0, 8, 2, 1, 5, 4, 7, 6, 3)",TRUE,18,16023,TRUE,18,1163,TRUE,18,199,TRUE,18,59376
"(0, 3, 4, 2, 6, 5, 1, 7, 8)",TRUE,18,13325,TRUE,18,1132,TRUE,18,421,TRUE,18,85150
"(5, 3, 8, 2, 6, 1, 0, 4, 7)",TRUE,18,12991,TRUE,18,767,TRUE,18,52,TRUE,18,84004
"(0, 2, 8, 5, 6, 3, 1, 4, 7)",TRUE,18,13309,TRUE,18,1194,TRUE,18,210,TRUE,18,84472
"(1, 3, 6, 5, 4, 2, 0, 8, 7)",TRUE,18,16371,TRUE,18,1261,TRUE,18,348,TRUE,18,84526
"(4, 1, 3, 7, 5, 8, 2, 6, 0)",TRUE,18,16525,TRUE,18,1337,TRUE,18,310,TRUE,18,66720
"(7, 2, 5, 6, 4, 3, 1, 8, 0)",TRUE,18,17215,TRUE,18,1075,TRUE,18,245,TRUE,18,81296
"(1, 8, 0, 7, 2, 4, 5, 6, 3)",TRUE,18,15932,TRUE,18,1266,TRUE,18,211,TRUE,18,63987
"(8, 2, 5, 1, 3, 6, 4, 7, 0)",TRUE,18,16714,TRUE,18,1254,TRUE,18,196,TRUE,18,60106
"(1, 3, 6, 4, 0, 2, 5, 8, 7)",TRUE,18,14924,TRUE,18,1634,TRUE,18,494,TRUE,18,91677
"(0, 4, 1, 7, 2, 6, 8, 5, 3)",TRUE,18,15028,TRUE,18,1148,TRUE,18,406,TRUE,18,86051
"(0, 3, 6, 5, 7, 8, 2, 1, 4)",TRUE,18,13482,TRUE,18,1153,TRUE,18,91,TRUE,18,59998
"(4, 2, 5, 6, 1, 3, 0, 7, 8)",TRUE,18,12086,TRUE,18,1377,TRUE,18,444,TRUE,18,81081
"(1, 5, 6, 2, 0, 4, 7, 3, 8)",TRUE,18,17075,TRUE,18,1826,TRUE,18,411,TRUE,18,103115
"(0, 3, 6, 1, 5, 7, 2, 4, 8)",TRUE,18,12085,TRUE,18,1219,TRUE,18,197,TRUE,18,59077
"(3, 5, 1, 2, 7, 6, 4, 8, 0)",TRUE,18,13622,TRUE,18,1201,TRUE,18,409,TRUE,18,77939
"(2, 7, 5, 4, 1, 6, 0, 3, 8)",TRUE,18,13821,TRUE,18,1264,TRUE,18,264,TRUE,18,69231
"(3, 6, 8, 2, 1, 5, 0, 7, 4)",TRUE,18,15113,TRUE,18,1070,TRUE,18,146,TRUE,18,89901
"(4, 8, 1, 6, 2, 3, 5, 7, 0)",TRUE,18,13242,TRUE,18,1161,TRUE,18,168,TRUE,18,72897
"(4, 1, 0, 2, 5, 3, 6, 7, 8)",TRUE,18,12877,TRUE,18,1387,TRUE,18,489,TRUE,18,88648
"(8, 5, 2, 1, 6, 3, 4, 7, 0)",TRUE,18,13381,TRUE,18,1131,TRUE,18,231,TRUE,18,59596
"(0, 8, 3, 1, 5, 2, 4, 7, 6)",TRUE,18,15094,TRUE,18,1346,TRUE,18,442,TRUE,18,60520
"(1, 2, 4, 5, 7, 3, 6, 8, 0)",TRUE,18,15176,TRUE,18,1246,TRUE,18,360,TRUE,18,82056
"(8, 5, 1, 4, 2, 3, 7, 6, 0)",TRUE,18,15603,TRUE,18,1158,TRUE,18,280,TRUE,18,62693
"(8, 5, 3, 1, 2, 4, 0, 7, 6)",TRUE,18,14195,TRUE,18,1308,TRUE,18,428,TRUE,18,57711
"(0, 1, 2, 4, 5, 6, 8, 7, 3)",TRUE,18,14349,TRUE,18,1312,TRUE,18,641,TRUE,18,58999
"(0, 6, 1, 5, 4, 2, 7, 8, 3)",TRUE,18,15472,TRUE,18,1220,TRUE,18,311,TRUE,18,64444
"(5, 2, 8, 7, 1, 3, 0, 4, 6)",TRUE,18,12416,TRUE,18,1372,TRUE,18,265,TRUE,18,68959
"(2, 3, 0, 4, 5, 8, 1, 7, 6)",TRUE,18,14602,TRUE,18,1330,TRUE,18,694,TRUE,18,74304
"(1, 5, 7, 4, 0, 2, 8, 6, 3)",TRUE,18,17104,TRUE,18,1383,TRUE,18,228,TRUE,18,80003
"(8, 5, 1, 7, 4, 2, 0, 6, 3)",TRUE,18,13027,TRUE,18,1033,TRUE,18,178,TRUE,18,57104
"(1, 2, 0, 7, 8, 3, 4, 5, 6)",TRUE,18,12966,TRUE,18,1330,TRUE,18,479,TRUE,18,81403
"(0, 2, 3, 1, 6, 5, 8, 7, 4)",TRUE,18,15608,TRUE,18,1311,TRUE,18,560,TRUE,18,92521
"(1, 7, 5, 4, 3, 2, 8, 6, 0)",TRUE,18,12057,TRUE,18,1171,TRUE,18,321,TRUE,18,76072
"(5, 3, 6, 1, 2, 8, 0, 7, 4)",TRUE,18,12937,TRUE,18,1194,TRUE,18,383,TRUE,18,68745
"(6, 1, 0, 7, 3, 2, 4, 5, 8)",TRUE,18,15222,TRUE,18,1216,TRUE,18,237,TRUE,18,72002
"(8, 1, 5, 3, 2, 6, 0, 4, 7)",TRUE,18,16598,TRUE,18,795,TRUE,18,124,TRUE,18,79465
"(7, 3, 1, 4, 2, 6, 5, 8, 0)",TRUE,18,14515,TRUE,18,817,TRUE,18,202,TRUE,18,65765
"(0, 6, 5, 1, 4, 8, 7, 2, 3)",TRUE,18,13524,TRUE,18,1229,TRUE,18,183,TRUE,18,69400
"(4, 3, 2, 1, 5, 6, 0, 7, 8)",TRUE,18,12338,TRUE,18,1364,TRUE,18,619,TRUE,18,62276
"(2, 1, 8, 4, 6, 3, 7, 5, 0)",TRUE,18,15191,TRUE,18,1343,TRUE,18,464,TRUE,18,77575
"(7, 1, 0, 8, 4, 2, 5, 3, 6)",TRUE,18,13198,TRUE,18,1203,TRUE,18,326,TRUE,18,75444
"(1, 6, 8, 7, 2, 3, 0, 5, 4)",TRUE,18,14917,TRUE,18,1300,TRUE,18,237,TRUE,18,83814
"(5, 7, 0, 1, 6, 2, 8, 3, 4)",TRUE,18,13611,TRUE,18,1118,TRUE,18,72,TRUE,18,55848
"(3, 1, 6, 2, 8, 7, 0, 4, 5)",TRUE,18,12744,TRUE,18,1271,TRUE,18,222,TRUE,18,76885
"(3, 6, 0, 4, 2, 5, 1, 7, 8)",TRUE,18,15479,TRUE,18,1169,TRUE,18,439,TRUE,18,93530
"(8, 1, 2, 4, 3, 6, 0, 7, 5)",TRUE,18,15327,TRUE,18,1242,TRUE,18,372,TRUE,18,91667
"(0, 8, 6, 1, 5, 2, 4, 3, 7)",TRUE,18,11862,TRUE,18,1189,TRUE,18,165,TRUE,18,65469
"(6, 1, 4, 5, 0, 3, 2, 7, 8)",TRUE,18,17791,TRUE,18,1327,TRUE,18,185,TRUE,18,106459
"(4, 3, 6, 1, 5, 8, 0, 7, 2)",TRUE,18,16097,TRUE,18,978,TRUE,18,584,TRUE,18,82838
"(2, 4, 3, 1, 6, 5, 8, 0, 7)",TRUE,19,23141,TRUE,19,2262,TRUE,19,575,TRUE,19,116680
"(3, 5, 6, 0, 1, 7, 8, 2, 4)",TRUE,19,21348,TRUE,19,1532,TRUE,19,222,TRUE,19,181586
"(3, 5, 7, 2, 4, 6, 1, 0, 8)",TRUE,19,25608,TRUE,19,1653,TRUE,19,361,TRUE,19,119017
"(7, 2, 3, 0, 6, 5, 4, 1, 8)",TRUE,19,22981,TRUE,19,2152,TRUE,19,763,TRUE,19,127415
"(4, 2, 1, 8, 7, 5, 3, 0, 6)",TRUE,19,21689,TRUE,19,1575,TRUE,19,515,TRUE,19,122734
"(3, 6, 8, 5, 2, 0, 4, 1, 7)",TRUE,19,21099,TRUE,19,1420,TRUE,19,287,TRUE,19,127700
"(2, 6, 3, 5, 7, 0, 1, 4, 8)",TRUE,19,20545,TRUE,19,2399,TRUE,19,683,TRUE,19,185976
"(5, 3, 6, 1, 8, 7, 2, 0, 4)",TRUE,19,27067,TRUE,19,2188,TRUE,19,449,TRUE,19,188203
"(5, 3, 1, 0, 4, 6, 7, 8, 2)",TRUE,19,27547,TRUE,19,2255,TRUE,19,592,TRUE,19,157642
"(1, 3, 2, 0, 6, 8, 4, 5, 7)",TRUE,19,25898,TRUE,19,1674,TRUE,19,644,TRUE,19,112853
"(7, 4, 5, 8, 1, 0, 2, 3, 6)",TRUE,19,27078,TRUE,19,1471,TRUE,19,283,TRUE,19,163606
"(3, 6, 8, 4, 7, 1, 2, 0, 5)",TRUE,19,25541,TRUE,19,1616,TRUE,19,211,TRUE,19,141264
"(1, 3, 5, 6, 4, 7, 8, 0, 2)",TRUE,19,20011,TRUE,19,2284,TRUE,19,249,TRUE,19,133749
"(8, 1, 5, 0, 7, 2, 6, 3, 4)",TRUE,19,22144,TRUE,19,1947,TRUE,19,104,TRUE,19,125431
"(5, 8, 4, 0, 7, 2, 6, 1, 3)",TRUE,19,27471,TRUE,19,1599,TRUE,19,61,TRUE,19,165558
"(5, 4, 3, 2, 8, 0, 6, 1, 7)",TRUE,19,23264,TRUE,19,2057,TRUE,19,295,TRUE,19,150426
"(7, 0, 1, 8, 4, 5, 6, 3, 2)",TRUE,19,20270,TRUE,19,1390,TRUE,19,57,TRUE,19,147863
"(5, 6, 8, 4, 1, 0, 2, 3, 7)",TRUE,19,26144,TRUE,19,1916,TRUE,19,141,TRUE,19,110236
"(3, 6, 8, 0, 1, 7, 2, 4, 5)",TRUE,19,25249,TRUE,19,1425,TRUE,19,83,TRUE,19,144906
"(2, 3, 1, 5, 6, 0, 4, 7, 8)",TRUE,19,24406,TRUE,19,2502,TRUE,19,706,TRUE,19,128602
"(5, 3, 1, 4, 6, 0, 7, 8, 2)",TRUE,19,27819,TRUE,19,2506,TRUE,19,627,TRUE,19,133302
"(1, 2, 6, 4, 7, 5, 8, 0, 3)",TRUE,19,20757,TRUE,19,2445,TRUE,19,887,TRUE,19,153991
"(1, 3, 8, 0, 5, 6, 2, 4, 7)",TRUE,19,20563,TRUE,19,1602,TRUE,19,409,TRUE,19,149274
"(4, 3, 8, 0, 6, 5, 2, 1, 7)",TRUE,19,23531,TRUE,19,1401,TRUE,19,209,TRUE,19,144596
"(1, 3, 5, 0, 8, 2, 7, 6, 4)",TRUE,19,28136,TRUE,19,2488,TRUE,19,550,TRUE,19,124461
"(8, 4, 5, 7, 1, 0, 6, 3, 2)",TRUE,19,22032,TRUE,19,1846,TRUE,19,58,TRUE,19,143598
"(5, 1, 6, 4, 3, 0, 8, 2, 7)",TRUE,19,23747,TRUE,19,2195,TRUE,19,455,TRUE,19,144276
"(3, 5, 2, 1, 6, 7, 4, 0, 8)",TRUE,19,28549,TRUE,19,1558,TRUE,19,633,TRUE,19,146385
"(2, 6, 8, 0, 3, 1, 4, 7, 5)",TRUE,19,20520,TRUE,19,1528,TRUE,19,389,TRUE,19,119478
"(4, 0, 3, 8, 2, 6, 1, 7, 5)",TRUE,19,24136,TRUE,19,2555,TRUE,19,851,TRUE,19,114524
"(5, 0, 3, 1, 6, 4, 7, 2, 8)",TRUE,19,21557,TRUE,19,2381,TRUE,19,466,TRUE,19,142489
"(3, 0, 5, 6, 2, 8, 1, 4, 7)",TRUE,19,20384,TRUE,19,2038,TRUE,19,157,TRUE,19,134984
"(7, 4, 2, 5, 3, 6, 1, 0, 8)",TRUE,19,27573,TRUE,19,2152,TRUE,19,647,TRUE,19,187176
"(6, 3, 4, 2, 1, 0, 7, 8, 5)",TRUE,19,27907,TRUE,19,2278,TRUE,19,265,TRUE,19,115401
"(2, 0, 8, 3, 5, 6, 1, 4, 7)",TRUE,19,21558,TRUE,19,1518,TRUE,19,418,TRUE,19,134578
"(3, 8, 5, 2, 1, 0, 4, 6, 7)",TRUE,19,24199,TRUE,19,1509,TRUE,19,187,TRUE,19,127819
"(1, 6, 5, 3, 4, 2, 8, 0, 7)",TRUE,19,27789,TRUE,19,1641,TRUE,19,207,TRUE,19,123235
"(4, 5, 8, 3, 1, 2, 7, 0, 6)",TRUE,19,20606,TRUE,19,1523,TRUE,19,247,TRUE,19,171090
"(3, 0, 6, 2, 8, 5, 4, 1, 7)",TRUE,19,24151,TRUE,19,1528,TRUE,19,437,TRUE,19,156004
"(2, 1, 6, 0, 5, 8, 4, 3, 7)",TRUE,19,25708,TRUE,19,1605,TRUE,19,458,TRUE,19,112630
"(2, 1, 6, 3, 5, 8, 7, 0, 4)",TRUE,19,24382,TRUE,19,1673,TRUE,19,495,TRUE,19,125942
"(2, 0, 8, 4, 3, 1, 7, 5, 6)",TRUE,19,22251,TRUE,19,2389,TRUE,19,895,TRUE,19,149200
"(3, 8, 6, 0, 1, 5, 2, 4, 7)",TRUE,19,28111,TRUE,19,1457,TRUE,19,214,TRUE,19,151665
"(2, 3, 7, 4, 1, 6, 5, 0, 8)",TRUE,19,20635,TRUE,19,2387,TRUE,19,468,TRUE,19,163034
"(8, 1, 5, 4, 7, 0, 6, 3, 2)",TRUE,19,23371,TRUE,19,1409,TRUE,19,65,TRUE,19,144488
"(8, 4, 1, 0, 6, 5, 7, 3, 2)",TRUE,19,25591,TRUE,19,1437,TRUE,19,202,TRUE,19,123916
"(1, 3, 4, 2, 6, 8, 7, 0, 5)",TRUE,19,24412,TRUE,19,2350,TRUE,19,552,TRUE,19,186259
"(3, 4, 1, 6, 7, 2, 0, 5, 8)",TRUE,20,35610,TRUE,20,2860,TRUE,20,485,TRUE,20,243862
"(7, 2, 4, 6, 0, 1, 5, 8, 3)",TRUE,20,35876,TRUE,20,2803,TRUE,20,370,TRUE,20,242434
"(4, 6, 3, 1, 5, 8, 2, 7, 0)",TRUE,20,35018,TRUE,20,2985,TRUE,20,997,TRUE,20,197731
"(4, 5, 6, 7, 1, 8, 0, 2, 3)",TRUE,20,35017,TRUE,20,2558,TRUE,20,390,TRUE,20,263597
"(0, 1, 7, 3, 2, 5, 4, 8, 6)",TRUE,20,29305,TRUE,20,2699,TRUE,20,361,TRUE,20,190342
"(8, 5, 1, 2, 6, 7, 0, 4, 3)",TRUE,20,32367,TRUE,20,2389,TRUE,20,197,TRUE,20,258326
"(0, 7, 5, 3, 4, 6, 1, 2, 8)",TRUE,20,34021,TRUE,20,2813,TRUE,20,308,TRUE,20,165453
"(1, 4, 3, 8, 0, 2, 5, 7, 6)",TRUE,20,39429,TRUE,20,4580,TRUE,20,1781,TRUE,20,321197
"(3, 5, 0, 8, 2, 7, 1, 4, 6)",TRUE,20,33021,TRUE,20,2704,TRUE,20,458,TRUE,20,280333
"(7, 4, 1, 2, 6, 8, 0, 5, 3)",TRUE,20,30275,TRUE,20,2629,TRUE,20,398,TRUE,20,259000
"(8, 2, 3, 7, 4, 1, 0, 5, 6)",TRUE,20,34623,TRUE,20,2907,TRUE,20,498,TRUE,20,173118
"(2, 6, 4, 1, 8, 3, 0, 5, 7)",TRUE,20,35009,TRUE,20,2856,TRUE,20,658,TRUE,20,196419
"(1, 8, 0, 6, 3, 4, 7, 2, 5)",TRUE,20,29042,TRUE,20,2533,TRUE,20,296,TRUE,20,231698
"(1, 4, 3, 7, 8, 2, 0, 6, 5)",TRUE,20,27271,TRUE,20,2933,TRUE,20,1254,TRUE,20,191179
"(1, 8, 2, 6, 3, 4, 0, 7, 5)",TRUE,20,32429,TRUE,20,2593,TRUE,20,422,TRUE,20,274461
"(0, 8, 2, 5, 1, 4, 6, 7, 3)",TRUE,20,29019,TRUE,20,2766,TRUE,20,198,TRUE,20,189189
"(7, 5, 3, 1, 2, 6, 0, 8, 4)",TRUE,20,36696,TRUE,20,2831,TRUE,20,691,TRUE,20,186585
"(8, 7, 1, 6, 4, 2, 0, 5, 3)",TRUE,20,34388,TRUE,20,2337,TRUE,20,246,TRUE,20,165698
"(7, 2, 3, 5, 1, 8, 0, 4, 6)",TRUE,20,28110,TRUE,20,2675,TRUE,20,813,TRUE,20,215541
"(0, 2, 7, 6, 5, 3, 1, 4, 8)",TRUE,20,32166,TRUE,20,2733,TRUE,20,544,TRUE,20,242426
"(7, 6, 2, 1, 0, 8, 5, 4, 3)",TRUE,20,43515,TRUE,20,2948,TRUE,20,478,TRUE,20,224407
"(7, 1, 2, 6, 8, 5, 3, 4, 0)",TRUE,20,35763,TRUE,20,2686,TRUE,20,195,TRUE,20,211602
"(8, 3, 6, 1, 4, 5, 0, 7, 2)",TRUE,20,36279,TRUE,20,2765,TRUE,20,458,TRUE,20,269070
"(8, 4, 3, 2, 0, 6, 5, 1, 7)",TRUE,20,34088,TRUE,20,3098,TRUE,20,756,TRUE,20,223429
"(1, 5, 3, 4, 0, 8, 6, 7, 2)",TRUE,20,34127,TRUE,20,3059,TRUE,20,930,TRUE,20,223480
"(0, 7, 4, 3, 5, 1, 8, 6, 2)",TRUE,20,29812,TRUE,20,2411,TRUE,20,182,TRUE,20,265647
"(6, 2, 1, 7, 3, 8, 5, 4, 0)",TRUE,20,37407,TRUE,20,2640,TRUE,20,406,TRUE,20,188321
"(0, 7, 3, 6, 1, 4, 5, 2, 8)",TRUE,20,28454,TRUE,20,2624,TRUE,20,254,TRUE,20,225631
"(0, 2, 1, 4, 6, 5, 7, 3, 8)",TRUE,20,34128,TRUE,20,2697,TRUE,20,570,TRUE,20,197153
"(5, 6, 4, 8, 0, 1, 7, 3, 2)",TRUE,20,41083,TRUE,20,2876,TRUE,20,407,TRUE,20,242322
"(0, 2, 5, 4, 6, 8, 3, 1, 7)",TRUE,20,30879,TRUE,20,2471,TRUE,20,411,TRUE,20,228698
"(3, 5, 7, 2, 6, 8, 1, 4, 0)",TRUE,20,30011,TRUE,20,2462,TRUE,20,370,TRUE,20,175482
"(1, 5, 2, 6, 0, 3, 8, 7, 4)",TRUE,20,41553,TRUE,20,3094,TRUE,20,731,TRUE,20,274589
"(4, 7, 2, 8, 1, 5, 0, 3, 6)",TRUE,20,29442,TRUE,20,3063,TRUE,20,536,TRUE,20,169222
"(0, 1, 3, 8, 4, 2, 5, 7, 6)",TRUE,20,34854,TRUE,20,2957,TRUE,20,1053,TRUE,20,222164
"(1, 5, 3, 4, 7, 2, 0, 8, 6)",TRUE,20,28902,TRUE,20,3139,TRUE,20,1238,TRUE,20,178340
"(8, 1, 2, 6, 0, 4, 7, 5, 3)",TRUE,20,39035,TRUE,20,2975,TRUE,20,408,TRUE,20,260749
"(1, 3, 6, 7, 2, 5, 0, 4, 8)",TRUE,20,29204,TRUE,20,2856,TRUE,20,1093,TRUE,20,203562
"(1, 7, 3, 5, 2, 6, 8, 4, 0)",TRUE,20,31207,TRUE,20,3230,TRUE,20,995,TRUE,20,171276
"(6, 5, 3, 2, 4, 8, 7, 1, 0)",TRUE,20,33543,TRUE,20,2408,TRUE,20,564,TRUE,20,181621
"(0, 5, 2, 3, 7, 6, 4, 1, 8)",TRUE,20,34556,TRUE,20,2709,TRUE,20,805,TRUE,20,173395
"(4, 2, 0, 5, 8, 3, 6, 1, 7)",TRUE,20,28392,TRUE,20,2526,TRUE,20,735,TRUE,20,205320
"(1, 2, 5, 3, 7, 6, 0, 8, 4)",TRUE,20,32096,TRUE,20,3315,TRUE,20,655,TRUE,20,238261
"(2, 8, 6, 1, 5, 7, 4, 3, 0)",TRUE,20,33801,TRUE,20,2592,TRUE,20,754,TRUE,20,167720
"(4, 3, 1, 5, 7, 6, 8, 2, 0)",TRUE,20,36044,TRUE,20,3169,TRUE,20,772,TRUE,20,272833
"(4, 1, 6, 5, 3, 8, 0, 7, 2)",TRUE,20,29554,TRUE,20,2813,TRUE,20,653,TRUE,20,167961
"(0, 1, 6, 4, 5, 3, 8, 7, 2)",TRUE,20,28164,TRUE,20,3061,TRUE,20,1159,TRUE,20,204307
"(2, 3, 0, 4, 7, 6, 5, 8, 1)",TRUE,20,27716,TRUE,20,3181,TRUE,20,907,TRUE,20,178045
"(2, 6, 0, 1, 4, 8, 5, 3, 7)",TRUE,20,28559,TRUE,20,2597,TRUE,20,792,TRUE,20,274598
"(3, 6, 0, 1, 5, 4, 8, 7, 2)",TRUE,20,35049,TRUE,20,2961,TRUE,20,538,TRUE,20,276662
"(3, 6, 0, 2, 8, 1, 4, 7, 5)",TRUE,20,29990,TRUE,20,2795,TRUE,20,798,TRUE,20,256696
"(3, 5, 6, 4, 8, 1, 0, 7, 2)",TRUE,20,34441,TRUE,20,2518,TRUE,20,447,TRUE,20,262141
"(6, 3, 0, 4, 1, 8, 2, 5, 7)",TRUE,20,37602,TRUE,20,2745,TRUE,20,495,TRUE,20,245656
"(6, 3, 8, 5, 2, 7, 1, 4, 0)",TRUE,20,34921,TRUE,20,2747,TRUE,20,210,TRUE,20,170444
"(8, 1, 5, 6, 7, 2, 0, 3, 4)",TRUE,20,28457,TRUE,20,2699,TRUE,20,196,TRUE,20,180440
"(6, 7, 5, 2, 3, 8, 0, 1, 4)",TRUE,20,29329,TRUE,20,2364,TRUE,20,98,TRUE,20,270235
"(4, 5, 1, 7, 8, 3, 0, 6, 2)",TRUE,20,36779,TRUE,20,2737,TRUE,20,676,TRUE,20,179657
"(2, 3, 8, 7, 1, 6, 5, 4, 0)",TRUE,20,34322,TRUE,20,2680,TRUE,20,566,TRUE,20,280537
"(7, 1, 6, 4, 5, 3, 8, 0, 2)",TRUE,21,46018,TRUE,21,5112,TRUE,21,1449,TRUE,21,505709
"(4, 6, 1, 0, 5, 3, 8, 2, 7)",TRUE,21,45657,TRUE,21,5435,TRUE,21,1377,TRUE,21,401339
"(4, 8, 3, 0, 2, 7, 5, 1, 6)",TRUE,21,48171,TRUE,21,5510,TRUE,21,938,TRUE,21,452679
"(6, 2, 3, 7, 1, 0, 8, 4, 5)",TRUE,21,46685,TRUE,21,5613,TRUE,21,1025,TRUE,21,352550
"(3, 7, 8, 4, 6, 1, 5, 0, 2)",TRUE,21,53648,TRUE,21,3302,TRUE,21,348,TRUE,21,346378
"(7, 6, 8, 3, 1, 5, 2, 0, 4)",TRUE,21,52415,TRUE,21,3811,TRUE,21,102,TRUE,21,512373
"(1, 0, 2, 8, 7, 6, 3, 4, 5)",TRUE,21,47126,TRUE,21,4937,TRUE,21,1319,TRUE,21,338849
"(2, 3, 7, 0, 5, 1, 8, 4, 6)",TRUE,21,48181,TRUE,21,5326,TRUE,21,797,TRUE,21,363216
"(5, 0, 6, 3, 4, 1, 7, 8, 2)",TRUE,21,44569,TRUE,21,5252,TRUE,21,547,TRUE,21,506411
"(2, 0, 7, 8, 6, 3, 5, 1, 4)",TRUE,21,54678,TRUE,21,5030,TRUE,21,380,TRUE,21,543360
"(7, 3, 1, 8, 6, 4, 2, 0, 5)",TRUE,21,44391,TRUE,21,5028,TRUE,21,474,TRUE,21,421817
"(7, 4, 1, 0, 3, 5, 6, 2, 8)",TRUE,21,56955,TRUE,21,5016,TRUE,21,763,TRUE,21,374871
"(3, 4, 2, 7, 6, 8, 1, 0, 5)",TRUE,21,54745,TRUE,21,3775,TRUE,21,1277,TRUE,21,451174
"(1, 5, 6, 0, 8, 2, 3, 4, 7)",TRUE,21,52307,TRUE,21,4866,TRUE,21,798,TRUE,21,448085
"(6, 8, 2, 3, 7, 0, 1, 4, 5)",TRUE,21,42868,TRUE,21,4994,TRUE,21,409,TRUE,21,373511
"(3, 6, 5, 0, 1, 4, 2, 7, 8)",TRUE,21,49007,TRUE,21,4762,TRUE,21,1125,TRUE,21,421774
"(7, 0, 3, 1, 6, 8, 2, 4, 5)",TRUE,21,47959,TRUE,21,4843,TRUE,21,1058,TRUE,21,377204
"(2, 3, 5, 0, 1, 7, 6, 8, 4)",TRUE,21,48822,TRUE,21,5406,TRUE,21,464,TRUE,21,506503
"(1, 8, 6, 3, 5, 0, 4, 2, 7)",TRUE,21,54121,TRUE,21,5423,TRUE,21,577,TRUE,21,518723
"(2, 7, 3, 6, 4, 0, 5, 1, 8)",TRUE,21,45618,TRUE,21,5446,TRUE,21,384,TRUE,21,461621
"(4, 3, 8, 0, 6, 5, 1, 7, 2)",TRUE,21,42534,TRUE,21,5228,TRUE,21,967,TRUE,21,355393
"(8, 5, 2, 4, 6, 3, 7, 0, 1)",TRUE,21,47938,TRUE,21,5198,TRUE,21,1040,TRUE,21,339786
"(3, 6, 4, 2, 8, 7, 1, 0, 5)",TRUE,21,44583,TRUE,21,4643,TRUE,21,587,TRUE,21,334327
"(3, 4, 5, 0, 1, 6, 2, 8, 7)",TRUE,21,44008,TRUE,21,5019,TRUE,21,632,TRUE,21,451489
"(3, 2, 6, 0, 8, 4, 1, 7, 5)",TRUE,21,42859,TRUE,21,5558,TRUE,21,767,TRUE,21,389134
"(2, 3, 8, 0, 5, 1, 7, 6, 4)",TRUE,21,46280,TRUE,21,4853,TRUE,21,918,TRUE,21,363377
"(4, 5, 6, 0, 7, 1, 8, 2, 3)",TRUE,21,51442,TRUE,21,4351,TRUE,21,926,TRUE,21,497044
"(2, 4, 5, 0, 6, 3, 7, 8, 1)",TRUE,21,42704,TRUE,21,4027,TRUE,21,1353,TRUE,21,360920
"(1, 5, 6, 0, 3, 7, 4, 2, 8)",TRUE,21,47579,TRUE,21,5206,TRUE,21,844,TRUE,21,336281
"(5, 7, 2, 4, 3, 0, 6, 1, 8)",TRUE,21,50874,TRUE,21,5294,TRUE,21,908,TRUE,21,488364
"(1, 4, 8, 0, 2, 3, 5, 7, 6)",TRUE,21,54188,TRUE,21,5389,TRUE,21,1574,TRUE,21,355173
"(3, 8, 4, 0, 7, 6, 2, 1, 5)",TRUE,21,53733,TRUE,21,3291,TRUE,21,530,TRUE,21,398670
"(8, 4, 2, 5, 1, 0, 6, 3, 7)",TRUE,21,51606,TRUE,21,4837,TRUE,21,290,TRUE,21,433013
"(3, 4, 1, 6, 2, 8, 5, 0, 7)",TRUE,21,54006,TRUE,21,4968,TRUE,21,533,TRUE,21,560301
"(6, 8, 1, 5, 7, 2, 4, 0, 3)",TRUE,21,51847,TRUE,21,5119,TRUE,21,422,TRUE,21,366546
"(1, 7, 6, 3, 4, 0, 2, 8, 5)",TRUE,21,50082,TRUE,21,4902,TRUE,21,860,TRUE,21,389947
"(4, 0, 5, 2, 1, 8, 6, 7, 3)",TRUE,21,51882,TRUE,21,5421,TRUE,21,454,TRUE,21,408617
"(2, 5, 6, 4, 1, 7, 3, 0, 8)",TRUE,21,45354,TRUE,21,5281,TRUE,21,965,TRUE,21,488452
"(5, 4, 6, 0, 3, 7, 2, 8, 1)",TRUE,21,45491,TRUE,21,5047,TRUE,21,604,TRUE,21,366023
"(4, 0, 6, 1, 2, 8, 3, 5, 7)",TRUE,21,53609,TRUE,21,5514,TRUE,21,849,TRUE,21,403815
"(2, 5, 1, 7, 8, 4, 0, 6, 3)",TRUE,22,62336,TRUE,22,7772,TRUE,22,1497,TRUE,22,535954
"(5, 3, 4, 2, 8, 6, 7, 1, 0)",TRUE,22,71477,TRUE,22,6266,TRUE,22,1413,TRUE,22,539485
"(6, 8, 5, 4, 1, 2, 0, 3, 7)",TRUE,22,57678,TRUE,22,5537,TRUE,22,332,TRUE,22,515400
"(4, 2, 0, 1, 8, 5, 6, 3, 7)",TRUE,22,70685,TRUE,22,6722,TRUE,22,799,TRUE,22,834827
"(2, 6, 8, 3, 1, 7, 0, 5, 4)",TRUE,22,62438,TRUE,22,5526,TRUE,22,507,TRUE,22,746453
"(0, 4, 2, 6, 3, 7, 1, 5, 8)",TRUE,22,59087,TRUE,22,6014,TRUE,22,1414,TRUE,22,661992
"(2, 8, 1, 4, 6, 5, 7, 3, 0)",TRUE,22,58270,TRUE,22,6021,TRUE,22,1739,TRUE,22,551355
"(5, 3, 8, 7, 0, 6, 1, 2, 4)",TRUE,22,66216,TRUE,22,6520,TRUE,22,1245,TRUE,22,845590
"(3, 2, 6, 4, 0, 8, 5, 7, 1)",TRUE,22,66032,TRUE,22,9099,TRUE,22,1929,TRUE,22,674137
"(1, 3, 5, 6, 0, 4, 8, 2, 7)",TRUE,22,80468,TRUE,22,7037,TRUE,22,1180,TRUE,22,1007752
"(7, 1, 5, 6, 3, 4, 2, 8, 0)",TRUE,22,67049,TRUE,22,5562,TRUE,22,511,TRUE,22,804547
"(5, 6, 3, 4, 8, 7, 0, 2, 1)",TRUE,22,60121,TRUE,22,6009,TRUE,22,1055,TRUE,22,844149
"(2, 7, 0, 8, 3, 6, 1, 5, 4)",TRUE,22,65029,TRUE,22,6275,TRUE,22,524,TRUE,22,695652
"(2, 7, 0, 4, 3, 6, 8, 5, 1)",TRUE,22,67679,TRUE,22,6167,TRUE,22,1106,TRUE,22,693709
"(6, 3, 2, 1, 4, 5, 7, 8, 0)",TRUE,22,58009,TRUE,22,8276,TRUE,22,1581,TRUE,22,512000
"(6, 2, 4, 3, 8, 5, 7, 1, 0)",TRUE,22,66621,TRUE,22,6051,TRUE,22,639,TRUE,22,569094
"(4, 5, 0, 7, 8, 2, 6, 3, 1)",TRUE,22,56004,TRUE,22,5684,TRUE,22,1172,TRUE,22,522642
"(1, 6, 8, 5, 4, 3, 0, 7, 2)",TRUE,22,68035,TRUE,22,7028,TRUE,22,1481,TRUE,22,636819
"(0, 6, 7, 2, 4, 5, 1, 8, 3)",TRUE,22,56294,TRUE,22,5869,TRUE,22,1265,TRUE,22,791585
"(2, 4, 5, 6, 3, 8, 0, 1, 7)",TRUE,22,61626,TRUE,22,5617,TRUE,22,1331,TRUE,22,818634
"(8, 2, 5, 1, 0, 7, 3, 4, 6)",TRUE,22,79969,TRUE,22,9084,TRUE,22,649,TRUE,22,1057186
"(2, 3, 4, 5, 0, 7, 1, 6, 8)",TRUE,22,63875,TRUE,22,9165,TRUE,22,940,TRUE,22,988764
"(1, 2, 5, 6, 3, 7, 8, 4, 0)",TRUE,22,59165,TRUE,22,6121,TRUE,22,1026,TRUE,22,649552
"(7, 3, 8, 6, 4, 2, 1, 5, 0)",TRUE,22,66750,TRUE,22,4859,TRUE,22,684,TRUE,22,521989
"(0, 4, 2, 7, 3, 8, 6, 1, 5)",TRUE,22,62598,TRUE,22,5948,TRUE,22,1056,TRUE,22,697202
"(6, 2, 3, 4, 0, 1, 5, 7, 8)",TRUE,22,65319,TRUE,22,9987,TRUE,22,1703,TRUE,22,1016599
"(5, 7, 1, 4, 2, 8, 6, 3, 0)",TRUE,22,71303,TRUE,22,6009,TRUE,22,759,TRUE,22,844751
"(0, 2, 5, 7, 6, 3, 8, 1, 4)",TRUE,22,68947,TRUE,22,6409,TRUE,22,824,TRUE,22,690026
"(1, 8, 4, 3, 0, 5, 7, 2, 6)",TRUE,22,73464,TRUE,22,9780,TRUE,22,1773,TRUE,22,843456
"(6, 4, 0, 2, 3, 1, 7, 8, 5)",TRUE,22,59481,TRUE,22,6533,TRUE,22,979,TRUE,22,591153
"(6, 2, 4, 1, 3, 5, 7, 8, 0)",TRUE,22,65548,TRUE,22,6348,TRUE,22,1162,TRUE,22,601152
"(0, 4, 3, 8, 2, 7, 1, 5, 6)",TRUE,22,56712,TRUE,22,6622,TRUE,22,1167,TRUE,22,555425
"(3, 1, 5, 2, 4, 8, 0, 6, 7)",TRUE,22,67671,TRUE,22,6866,TRUE,22,1401,TRUE,22,621396
"(6, 7, 5, 4, 1, 3, 2, 8, 0)",TRUE,22,70398,TRUE,22,5753,TRUE,22,1023,TRUE,22,732536
"(0, 8, 2, 4, 3, 1, 5, 7, 6)",TRUE,22,60621,TRUE,22,6128,TRUE,22,1975,TRUE,22,544691
"(5, 3, 2, 8, 7, 1, 0, 4, 6)",TRUE,22,57066,TRUE,22,6024,TRUE,22,2008,TRUE,22,611336
"(8, 1, 5, 7, 4, 6, 0, 2, 3)",TRUE,22,58383,TRUE,22,5897,TRUE,22,1425,TRUE,22,625543
"(7, 5, 1, 4, 2, 3, 0, 6, 8)",TRUE,22,67817,TRUE,22,6463,TRUE,22,2228,TRUE,22,601023
"(6, 4, 8, 3, 7, 1, 2, 5, 0)",TRUE,22,69446,TRUE,22,6066,TRUE,22,124,TRUE,22,722441
"(6, 3, 7, 2, 8, 4, 1, 5, 0)",TRUE,22,58154,TRUE,22,5453,TRUE,22,644,TRUE,22,540774
"(3, 5, 8, 4, 6, 1, 2, 7, 0)",TRUE,22,68941,TRUE,22,6262,TRUE,22,746,TRUE,22,539585
"(8, 6, 3, 4, 0, 5, 7, 1, 2)",TRUE,22,77400,TRUE,22,7256,TRUE,22,1081,TRUE,22,759192
"(2, 6, 0, 3, 7, 8, 4, 5, 1)",TRUE,22,65290,TRUE,22,5430,TRUE,22,1139,TRUE,22,524230
"(7, 1, 8, 3, 0, 2, 4, 5, 6)",TRUE,22,72850,TRUE,22,9150,TRUE,22,1976,TRUE,22,953825
"(0, 6, 3, 4, 7, 5, 1, 2, 8)",TRUE,22,65839,TRUE,22,6211,TRUE,22,1566,TRUE,22,509129
"(7, 1, 0, 8, 2, 5, 3, 6, 4)",TRUE,22,55879,TRUE,22,5927,TRUE,22,576,TRUE,22,535728
"(2, 3, 4, 8, 1, 6, 5, 7, 0)",TRUE,22,66769,TRUE,22,7938,TRUE,22,1598,TRUE,22,516545
"(4, 7, 0, 2, 5, 3, 1, 6, 8)",TRUE,22,62651,TRUE,22,6527,TRUE,22,1892,TRUE,22,578370
"(8, 3, 2, 1, 0, 4, 7, 5, 6)",TRUE,22,69759,TRUE,22,7141,TRUE,22,1545,TRUE,22,676939
"(7, 2, 4, 5, 8, 1, 0, 3, 6)",TRUE,22,56431,TRUE,22,5644,TRUE,22,1163,TRUE,22,586522
"(1, 3, 2, 6, 8, 7, 4, 5, 0)",TRUE,22,63281,TRUE,22,6934,TRUE,22,1502,TRUE,22,624963
"(0, 1, 2, 3, 7, 6, 8, 5, 4)",TRUE,22,59422,TRUE,22,6387,TRUE,22,1020,TRUE,22,597463
"(5, 2, 1, 4, 3, 8, 0, 6, 7)",TRUE,22,66645,TRUE,22,5892,TRUE,22,1402,TRUE,22,591290
"(0, 1, 2, 6, 7, 5, 8, 3, 4)",TRUE,22,69206,TRUE,22,7913,TRUE,22,807,TRUE,22,710826
"(2, 6, 7, 5, 0, 4, 1, 3, 8)",TRUE,22,63651,TRUE,22,6380,TRUE,22,899,TRUE,22,842201
"(6, 5, 4, 0, 1, 2, 3, 7, 8)",TRUE,23,90920,TRUE,23,11330,TRUE,23,1636,TRUE,23,1352237
"(6, 1, 5, 7, 8, 0, 3, 4, 2)",TRUE,23,97230,TRUE,23,10784,TRUE,23,752,TRUE,23,1657115
"(2, 6, 4, 0, 1, 7, 8, 5, 3)",TRUE,23,87412,TRUE,23,10839,TRUE,23,1937,TRUE,23,1407410
"(2, 7, 8, 1, 5, 3, 6, 0, 4)",TRUE,23,91028,TRUE,23,10643,TRUE,23,849,TRUE,23,1031414
"(4, 2, 7, 0, 6, 5, 1, 8, 3)",TRUE,23,96900,TRUE,23,13046,TRUE,23,2096,TRUE,23,1196257
"(8, 4, 3, 0, 7, 6, 1, 5, 2)",TRUE,23,97876,TRUE,23,11580,TRUE,23,3085,TRUE,23,1209938
"(2, 0, 8, 3, 6, 1, 7, 5, 4)",TRUE,23,88135,TRUE,23,11293,TRUE,23,1277,TRUE,23,1243824
"(2, 0, 8, 3, 5, 7, 1, 6, 4)",TRUE,23,80888,TRUE,23,10881,TRUE,23,990,TRUE,23,1059022
"(3, 1, 7, 4, 8, 2, 5, 0, 6)",TRUE,23,87201,TRUE,23,9205,TRUE,23,1793,TRUE,23,1020606
"(2, 6, 5, 3, 7, 0, 4, 1, 8)",TRUE,23,82764,TRUE,23,12571,TRUE,23,3356,TRUE,23,1241352
"(8, 7, 1, 4, 5, 0, 6, 3, 2)",TRUE,23,81112,TRUE,23,10615,TRUE,23,364,TRUE,23,1178267
"(3, 4, 7, 0, 1, 5, 2, 8, 6)",TRUE,23,90553,TRUE,23,11932,TRUE,23,1031,TRUE,23,1196644
"(2, 7, 8, 1, 4, 0, 6, 3, 5)",TRUE,23,91738,TRUE,23,11331,TRUE,23,534,TRUE,23,1181748
"(3, 7, 1, 2, 5, 6, 8, 0, 4)",TRUE,23,93328,TRUE,23,11892,TRUE,23,2095,TRUE,23,1555794
"(3, 1, 2, 0, 5, 7, 6, 4, 8)",TRUE,23,88355,TRUE,23,12342,TRUE,23,1609,TRUE,23,1062677
"(3, 0, 8, 2, 7, 5, 6, 4, 1)",TRUE,23,95069,TRUE,23,10429,TRUE,23,655,TRUE,23,1464520
"(6, 0, 1, 4, 3, 2, 8, 5, 7)",TRUE,23,91382,TRUE,23,11207,TRUE,23,1578,TRUE,23,1357725
"(1, 8, 3, 5, 2, 7, 6, 0, 4)",TRUE,23,83809,TRUE,23,11026,TRUE,23,1504,TRUE,23,1011462
"(7, 0, 2, 1, 3, 8, 5, 6, 4)",TRUE,23,85948,TRUE,23,11254,TRUE,23,1398,TRUE,23,1072352
"(4, 2, 7, 1, 6, 0, 8, 3, 5)",TRUE,23,96039,TRUE,23,12860,TRUE,23,2755,TRUE,23,1196257
"(8, 0, 1, 4, 3, 5, 6, 2, 7)",TRUE,23,81654,TRUE,23,11507,TRUE,23,1325,TRUE,23,1396399
"(7, 0, 8, 3, 6, 2, 4, 1, 5)",TRUE,23,96587,TRUE,23,11365,TRUE,23,1201,TRUE,23,1241654
"(6, 0, 1, 4, 8, 3, 5, 7, 2)",TRUE,23,81522,TRUE,23,11131,TRUE,23,1858,TRUE,23,1358307
"(8, 0, 4, 3, 7, 5, 2, 6, 1)",TRUE,23,95653,TRUE,23,10430,TRUE,23,322,TRUE,23,1538922
"(0, 6, 8, 1, 5, 7, 3, 2, 4)",TRUE,24,108641,TRUE,24,12339,TRUE,24,660,TRUE,24,1560499
"(5, 8, 0, 2, 4, 6, 7, 3, 1)",TRUE,24,106403,TRUE,24,13295,TRUE,24,2251,TRUE,24,2173113
"(1, 7, 4, 3, 8, 6, 5, 2, 0)",TRUE,24,100654,TRUE,24,14541,TRUE,24,2374,TRUE,24,2046877
"(5, 7, 3, 2, 1, 4, 0, 6, 8)",TRUE,24,105152,TRUE,24,13271,TRUE,24,2138,TRUE,24,1526636
"(8, 4, 1, 2, 0, 6, 5, 7, 3)",TRUE,24,116068,TRUE,24,15242,TRUE,24,3203,TRUE,24,2711460
"(3, 6, 4, 8, 2, 1, 7, 5, 0)",TRUE,24,102253,TRUE,24,13001,TRUE,24,3225,TRUE,24,2129945
"(3, 4, 7, 8, 1, 5, 6, 2, 0)",TRUE,24,109247,TRUE,24,12837,TRUE,24,678,TRUE,24,2452364
"(6, 2, 0, 4, 1, 7, 3, 5, 8)",TRUE,24,115072,TRUE,24,13248,TRUE,24,942,TRUE,24,2030670
"(4, 1, 7, 2, 3, 8, 0, 6, 5)",TRUE,24,107912,TRUE,24,13818,TRUE,24,2125,TRUE,24,1577119
"(0, 4, 2, 6, 7, 5, 1, 3, 8)",TRUE,24,102925,TRUE,24,18250,TRUE,24,2605,TRUE,24,2130751
"(4, 6, 3, 5, 2, 7, 0, 8, 1)",TRUE,24,107976,TRUE,24,13596,TRUE,24,4122,TRUE,24,1863514
"(0, 1, 8, 6, 7, 3, 5, 4, 2)",TRUE,24,113426,TRUE,24,13550,TRUE,24,1657,TRUE,24,2547153
"(8, 6, 0, 5, 4, 1, 2, 7, 3)",TRUE,24,105686,TRUE,24,17223,TRUE,24,2242,TRUE,24,1526659
"(8, 1, 7, 4, 0, 3, 5, 2, 6)",TRUE,24,121260,TRUE,24,20305,TRUE,24,1784,TRUE,24,2341124
"(3, 4, 1, 2, 7, 6, 8, 5, 0)",TRUE,24,101536,TRUE,24,12579,TRUE,24,3102,TRUE,24,1545644
"(8, 5, 4, 1, 2, 3, 6, 7, 0)",TRUE,24,104780,TRUE,24,13304,TRUE,24,1688,TRUE,24,1770256
"(0, 5, 6, 7, 1, 2, 8, 3, 4)",TRUE,24,102598,TRUE,24,13611,TRUE,24,1848,TRUE,24,2028557
"(7, 8, 4, 5, 2, 3, 1, 0, 6)",TRUE,25,131659,TRUE,25,25218,TRUE,25,3560,TRUE,25,3179188
"(6, 0, 4, 1, 5, 2, 8, 3, 7)",TRUE,25,130097,TRUE,25,25465,TRUE,25,2619,TRUE,25,4288092
"(6, 2, 5, 4, 8, 0, 1, 3, 7)",TRUE,25,129077,TRUE,25,24539,TRUE,25,2465,TRUE,25,4160665
"(3, 6, 5, 0, 4, 1, 8, 7, 2)",TRUE,25,131326,TRUE,25,24833,TRUE,25,3187,TRUE,25,4067388
"(3, 0, 5, 6, 7, 8, 2, 4, 1)",TRUE,25,137906,TRUE,25,24196,TRUE,25,2769,TRUE,25,3646413
"(3, 7, 1, 5, 8, 4, 6, 0, 2)",TRUE,25,128954,TRUE,25,25052,TRUE,25,1292,TRUE,25,3863385
"(8, 5, 3, 0, 6, 2, 1, 7, 4)",TRUE,25,138951,TRUE,25,26173,TRUE,25,3629,TRUE,25,3488668
"(4, 3, 8, 0, 6, 7, 1, 2, 5)",TRUE,25,124637,TRUE,25,24281,TRUE,25,3504,TRUE,25,3017607
"(1, 0, 5, 6, 7, 8, 2, 3, 4)",TRUE,25,138279,TRUE,25,24139,TRUE,25,2155,TRUE,25,3212831
"(1, 4, 7, 0, 3, 6, 5, 2, 8)",TRUE,25,126821,TRUE,25,25642,TRUE,25,3641,TRUE,25,3045880
"(2, 0, 6, 5, 8, 7, 4, 3, 1)",TRUE,25,141668,TRUE,25,24253,TRUE,25,3759,TRUE,25,3159091
"(6, 4, 5, 3, 8, 2, 7, 1, 0)",TRUE,26,147568,TRUE,26,27994,TRUE,26,2829,TRUE,26,4543053
"(3, 8, 2, 4, 6, 7, 0, 1, 5)",TRUE,26,140228,TRUE,26,29874,TRUE,26,6535,TRUE,26,5502841
"(0, 5, 4, 6, 1, 8, 3, 2, 7)",TRUE,26,146782,TRUE,26,28365,TRUE,26,2432,TRUE,26,4479843
"(8, 1, 6, 5, 7, 3, 2, 4, 0)",TRUE,26,153803,TRUE,26,33284,TRUE,26,5485,TRUE,26,6429308
"(3, 6, 7, 5, 8, 1, 0, 2, 4)",TRUE,26,141926,TRUE,26,28912,TRUE,26,2829,TRUE,26,6873225
"(1, 7, 0, 3, 5, 4, 2, 8, 6)",TRUE,26,144061,TRUE,26,30063,TRUE,26,3703,TRUE,26,5080573
"(7, 4, 8, 6, 5, 3, 0, 2, 1)",TRUE,26,148720,TRUE,26,28503,TRUE,26,2854,TRUE,26,4515049
"(2, 8, 1, 4, 6, 7, 3, 5, 0)",TRUE,26,151924,TRUE,26,29672,TRUE,26,4223,TRUE,26,4812963
"(8, 7, 5, 2, 1, 4, 0, 6, 3)",TRUE,26,140425,TRUE,26,29611,TRUE,26,2625,TRUE,26,4557239
"(7, 5, 4, 6, 0, 8, 2, 1, 3)",TRUE,28,175744,TRUE,28,69246,TRUE,28,7599,TRUE,28,20341885
"(1, 4, 7, 3, 8, 5, 6, 2, 0)",TRUE,28,171650,TRUE,28,54603,TRUE,28,10399,TRUE,28,14773691
